task,arm,config,seed,adam_steps,diverged,rel_l2,rel_l2_rho,rel_l2_u,rel_l2_p,nu_hat,nu_rel_err,pde_override,wall_time_s,eval_error
hard_plus_euler_shock_023,arm_db5c98,arm_db5c98.yaml,0,20000,0,0.08875237201991876,0.04274848598654553,0.17362900669833348,0.049879623374877294,,,,532.7,
hard_plus_euler_shock_023,arm_db5c98,arm_db5c98.yaml,1,20000,0,0.08593985217111699,0.0414871215047643,0.1669699693935406,0.049362465615046036,,,,554.6,
hard_plus_euler_shock_023,arm_db5c98,arm_db5c98.yaml,2,20000,0,0.08375121457354946,0.04184956260862922,0.15994805376399057,0.049456027348028626,,,,515.6,
